Ticker,Exchange,Name,Months,Number of Contracts,Quandl Code
0D,CME,"Mini European 3.5% Fuel Oil Barges FOB Rdam (Platts)",FGHJKMNQUVXZ,5,CHRIS/CME_0D
0F,CME,"Mini Singapore Fuel Oil 180 cst (Platts)",HJKMNQUVXZ,2,CHRIS/CME_0F
1MF,SGX,"Platts Singapore Fuel Oil 180cst Index",FGHJKMNQUVXZ,3,CHRIS/SGX_1MF
1N,CME,"Singapore Mogas 92 Unleaded (Platts)",FGHJKMNQUVXZ,4,CHRIS/CME_1N
1NB,CME,"Singapore Mogas 92 Unleaded (Platts) Brent Crack Spread",HJKMNQU,4,CHRIS/CME_1NB
1R,CME,"Propane Non-LDH Mont Belvieu (OPIS)",FGHJKMNQUVXZ,2,CHRIS/CME_1R
1U,CME,"NY Jet Fuel (Platts) vs. NY Harbor ULSD",HJKMNQU,4,CHRIS/CME_1U
3MF,SGX,"Platts Singapore Fuel Oil 380cst Index",FGHJKMNQUVXZ,2,CHRIS/SGX_3MF
46,CME,"PJM METED Zone Off-Peak Calendar-Month Day-Ahead LMP",FGHJKMNQUVXZ,12,CHRIS/CME_46
47,CME,"PJM METED Zone Peak Calendar-Month Day-Ahead LMP",FGHJKMNQUVXZ,2,CHRIS/CME_47
4L,CME,"NYISO Zone F 5 MW Peak Calendar-Month Day-Ahead LBMP",HJKMNQUVXZ,2,CHRIS/CME_4L
4M,CME,"NYISO Zone F 5 MW Off-Peak Calendar-Month Day-Ahead LBMP",HJKMNQUVXZ,10,CHRIS/CME_4M
4N,CME,"PJM PECO Zone 5 MW Peak Calendar-Month Day-Ahead LMP",FGHJKMNQUVXZ,2,CHRIS/CME_4N
4P,CME,"PJM PECO Zone 5 MW Off-Peak Calendar-Month Day-Ahead LMP",FGHJKMNQUVXZ,16,CHRIS/CME_4P
58,CME,"NYISO Zone E 5 MW Off-Peak Calendar-Month Day-Ahead LBMP",FGHJKMNQUVXZ,12,CHRIS/CME_58
5C,CME,"Chicago ULSD (Platts) vs. NY Harbor ULSD",FGHJKMNQUVXZ,2,CHRIS/CME_5C
5Z,CME,"Columbia Gulf Mainline Natural Gas (Platts IFERC) Basis",FGHJKMNQUVXZ,9,CHRIS/CME_5Z
6T,CME,"In Delivery Month European Union Allowance (EUA)",HMUZ,6,CHRIS/CME_6T
6Z,CME,"Tennessee 800 Leg Natural Gas (Platts IFERC) Basis",JKUVX,2,CHRIS/CME_6Z
71,CME,"Ethanol Forward Month",FGHJKMNQUVXZ,2,CHRIS/CME_71
7H,CME,"Gasoline Euro-bob Oxy NWE Barges (Argus)",FGHJKMNQUVXZ,5,CHRIS/CME_7H
7K,CME,"Gasoline Euro-bob Oxy NWE Barges (Argus) Crack Spread",FGHJKMNQUVXZ,10,CHRIS/CME_7K
7Q,CME,"Mont Belvieu Natural Gasoline (OPIS)",FGHJKMNQUVXZ,3,CHRIS/CME_7Q
7Y,CME,"NY ULSD (Argus) vs. NY Harbor ULSD",FGHJKMNQUVXZ,2,CHRIS/CME_7Y
8I,CME,"Mont Belvieu Iso-Butane (OPIS)",FGHJKMNQUVXZ,2,CHRIS/CME_8I
8Z,CME,"Southern Star Tx.-Okla.-Kan. Natural Gas (Platts IFERC) Basis",FGHJKMNQUVXZ,2,CHRIS/CME_8Z
9F,CME,"Texas Gas Zone 1 Natural Gas (Platts IFERC) Basis",FGHJKMNQUVXZ,2,CHRIS/CME_9F
A3,CME,"NYISO Zone C 5 MW Off-Peak Calendar-Month Day-Ahead LBMP",FGHJKMNQUVXZ,34,CHRIS/CME_A3
A5,CME,"EIA Flat Tax On-Highway Diesel",FGHJKMNQUVXZ,2,CHRIS/CME_A5
A6,CME,"Group Three ULSD (Platts) vs. NY Harbor ULSD",FGHJKMNQUVXZ,10,CHRIS/CME_A6
AB,ODE,"Azuki Beans",FGHJKMNQUVXZ,2,CHRIS/ODE_AB
ABY,CME,"WTI-Brent Bullet",FGHJKMNQUVXZ,4,CHRIS/CME_ABY
AD,CME,"Australian Dollar",HMUZ,2,CHRIS/CME_AD
AFF,CME,"WTI Midland (Argus) vs. WTI Financial",HJKMNQUVXZ,10,CHRIS/CME_AFF
AFR,ICE,"Richards Bay Coal",FGHJKMNQUVXZ,6,CHRIS/ICE_AFR
AFR,ICE,"Richards Bay Coal",FGHJKMNQUVXZ,6,CHRIS/ICE_AFR
AG,MCX,"Silver 1000",FGHJKMNQUVXZ,2,CHRIS/MCX_AG
AG,SHFE,"Silver",FGHJKMNQUVXZ,11,CHRIS/SHFE_AG
AGA,CME,"Singapore Gasoil (Platts) vs. Gasoil",HJKMNQUVXZ,10,CHRIS/CME_AGA
AGM,MCX,"Silver Micro",FGHJKMNQUVXZ,2,CHRIS/MCX_AGM
AL,SHFE,"Aluminium",FGHJKMNQUVXZ,11,CHRIS/SHFE_AL
AL,MCX,"Aluminium",FGHJKMNQUVXZ,2,CHRIS/MCX_AL
ALM,MCX,"Aluminium Mini",FGHJKMNQUVXZ,2,CHRIS/MCX_ALM
AP,ASX,"SPI 200 Index",HMUZ,2,CHRIS/ASX_AP
AP,SGX,"MSCI Asia APEX 50 Index",FGHJKMNQUVXZ,2,CHRIS/SGX_AP
AR,ICE,"AUSTRALIAN DOLLAR/NEW ZEALAND DOLLAR",MUZ,2,CHRIS/ICE_AR
ARW,CME,"Gulf Coast Unl 87 Gasoline M1 (Platts) Crack Spread",HJKMNQU,2,CHRIS/CME_ARW
ATW,ICE,"Rotterdam Coal",FGHJKMNQUVXZ,5,CHRIS/ICE_ATW
ATW,ICE,"Rotterdam Coal",FGHJKMNQUVXZ,5,CHRIS/ICE_ATW
AU,SHFE,"Gold",FGHJKMNQUVXZ,9,CHRIS/SHFE_AU
AW,CME,"Dow Jones-UBS Commodity Index",HMUZ,2,CHRIS/CME_AW
AXF,LIFFE,"AEX Dividend Index",Z,2,CHRIS/LIFFE_AXF
B,MCX,"Brent Crude Oil",FGHJKZ,1,CHRIS/MCX_B
B,ICE,"Brent Crude Oil",FGHJKMNQUVXZ,25,CHRIS/ICE_B
B0,CME,"Mont Belvieu LDH Propane (OPIS)",FGHJKMNQUVXZ,11,CHRIS/CME_B0
B3,CME,"PJM Northern Illinois Hub 5 MW Peak Calendar-Month Real-Time LMP",FGHJKMNQUVXZ,30,CHRIS/CME_B3
B4,CME,"Algonquin City-Gates Natural Gas (Platts IFERC) Basis",FGHJKMNQUVXZ,7,CHRIS/CME_B4
B6,CME,"PJM Northern Illinois Hub Real-Time Off-Peak Calendar-Month 5 MW",FGHJKMNQUVXZ,34,CHRIS/CME_B6
BAX,MX,"3-Month Canadian Bankers Acceptance",FGHJKMNQUVXZ,2,CHRIS/MX_BAX
BB,CME,"Brent Crude Oil",FGHJKMNQUVXZ,5,CHRIS/CME_BB
BB,ASX,"90-day New Zealand Bank Bills",HMUZ,2,CHRIS/ASX_BB
BK,CME,"WTI-Brent Financial",FGHJKMNQUVXZ,34,CHRIS/CME_BK
BO,CME,"Soybean Oil",FHKNQUVZ,10,CHRIS/CME_BO
BOB,CME,"3.5% Fuel Oil Barges FOB Rdam (Platts) Crack Spread (1000mt)",FGHJKMNQUVXZ,2,CHRIS/CME_BOB
BP,CME,"British Pound",HMUZ,2,CHRIS/CME_BP
BPB,ICE,"Endex Belgian Power Base Load",FGHJKMNQUVXZ,2,CHRIS/ICE_BPB
BR,CME,"Brazilian Real",FGHJKMNQUVXZ,4,CHRIS/CME_BR
BW,ICE,"Barley",HKNVZ,2,CHRIS/ICE_BW
BW,ICE,"Barley",HKNVZ,2,CHRIS/ICE_BW
BXF,LIFFE,"BEL 20 Index",FGHJKMNQUVXZ,2,CHRIS/LIFFE_BXF
BY,CME,"British Pound/Japanese Yen",HMUZ,2,CHRIS/CME_BY
BZ,CME,"Brent Look-Alike",FGHJKMNQUVXZ,16,CHRIS/CME_BZ
C,LIFFE,"Cocoa",HUZ,4,CHRIS/LIFFE_C
C,CME,"Corn",HKNUZ,11,CHRIS/CME_C
C,ICE,"EUA",FGHJKMNQUVXZ,16,CHRIS/ICE_C
C,ICE,"EUA ",FGHJKMNQUVXZ,16,CHRIS/ICE_C
C0,CME,"Mont Belvieu Ethane (OPIS)",FGHJKMNQUVXZ,10,CHRIS/CME_C0
C75,ODE,"Corn75 Index",FHKNUX,5,CHRIS/ODE_C75
CB,CME,"Cash-settled Butter",FGHJKMNQUVXZ,7,CHRIS/CME_CB
CC,ICE,"Cocoa",HKNUZ,6,CHRIS/ICE_CC
CD,CME,"Canadian Dollar",HMUZ,4,CHRIS/CME_CD
CER,ICE,"CER Emissions",HJKMUZ,5,CHRIS/ICE_CER
CEU,ICE,"ECX EUAA",HJKMUZ,2,CHRIS/ICE_CEU
CFF,SGX,"China Coal Index",FGHJKMNQUVXZ,5,CHRIS/SGX_CFF
CGB,MX,"10-year Canadian Bond",HMUZ,2,CHRIS/MX_CGB
CGF,MX,"5-year Canadian Bond",HMUZ,2,CHRIS/MX_CGF
CGZ,MX,"2-year Canadian Bond",HMUZ,2,CHRIS/MX_CGZ
CI,CME,"CIG Rockies Natural Gas (Platts IFERC) Basis",FGHJKMNQUVXZ,2,CHRIS/CME_CI
CIF,SGX,"IHS McCloskey Indonesian Sub-Bit FOB Index Futures",FGHJKMNQUVXZ,2,CHRIS/SGX_CIF
CL,MCX,"Crude Oil",FGHJKZ,4,CHRIS/MCX_CL
CL,CME,"WTI Crude Oil",FGHJKMNQUVXZ,38,CHRIS/CME_CL
CN,SGX,"FTSE China A50 Index",FGHJKMNQUVXZ,2,CHRIS/SGX_CN
CNH,CME,"Standard-Size USD/Offshore RMB (CNH)",FGHJKMNQUVXZ,2,CHRIS/CME_CNH
CONF,EUREX,"CONF",HMUZ,2,CHRIS/EUREX_CONF
CPO,CME,"Crude Palm Oil",FHKMNQUX,2,CHRIS/CME_CPO
CRDM,MCX,"Cardamom",FGHJZ,3,CHRIS/MCX_CRDM
CS,CME,"WTI Financial",FGHJKMNQUVXZ,34,CHRIS/CME_CS
CSC,CME,"Cash-Settled Cheese",FGHJKMNQUVXZ,10,CHRIS/CME_CSC
CT,MCX,"Cotton",FGHJZ,3,CHRIS/MCX_CT
CT,ICE,"Cotton",HKNVZ,6,CHRIS/ICE_CT
CU,CME,"Chicago Ethanol (Platts)",FGHJKMNQUVXZ,13,CHRIS/CME_CU
CU,MCX,"Copper",GJMQVZ,2,CHRIS/MCX_CU
CU,SHFE,"Copper",FGHJKMNQUVXZ,11,CHRIS/SHFE_CU
CUM,MCX,"Copper Mini",FGHJKMNQUVXZ,2,CHRIS/MCX_CUM
CY,CME,"Brent Financial",FGHJKMNQUVXZ,22,CHRIS/CME_CY
CZ,CME,"Transco Zone 3 Natural Gas (Platts IFERC) Basis",FGHJKMNQUVXZ,2,CHRIS/CME_CZ
D0,CME,"Mont Belvieu Normal Butane (OPIS)",FGHJKMNQUVXZ,10,CHRIS/CME_D0
D2,CME,"NYISO Zone G Day-Ahead Off-Peak Calendar-Month 5 MW",FGHJKMNQUVXZ,34,CHRIS/CME_D2
D3,CME,"NYISO Zone J Day-Ahead Peak Calendar-Month 5 MW",FGHJKMNQUVXZ,10,CHRIS/CME_D3
D4,CME,"NYISO Zone J Day-Ahead Off-Peak Calendar-Month 5 MW",FGHJKMNQUVXZ,34,CHRIS/CME_D4
D6,CME,"PJM Duquesne Zone 5 MW Off-Peak Calendar-Month Day-Ahead LMP",HJKMNQUVXZ,2,CHRIS/CME_D6
D7,CME,"PJM AEP Dayton Hub Day-Ahead LMP Peak Calendar-Month 5 MW",FGHJKMNQUVXZ,22,CHRIS/CME_D7
D8,CME,"PJM ComEd Zone 5 MW Peak Calendar-Month Day-Ahead LMP",FGHJKMNQUVXZ,2,CHRIS/CME_D8
D9,CME,"PJM ComEd Zone 5 MW Off-Peak Calendar-Month Day-Ahead LMP",FGHJKMNQUVXZ,22,CHRIS/CME_D9
DA,CME,"Class III Milk",FGHJKMNQUVXZ,10,CHRIS/CME_DA
DB,CME,"Brent Crude Oil vs. Dubai Crude Oil (Platts)",FGHJKMNQUVXZ,2,CHRIS/CME_DB
DC,CME,"Dubai Crude Oil (Platts) Financial",HJKMNQUVXZ,2,CHRIS/CME_DC
DJ,CME,"Full-Size Dow Jones",HMUZ,2,CHRIS/CME_DJ
DJIA,OSE,"OSE DJIA",HMUZ,4,CHRIS/OSE_DJIA
DK,CME,"Class IV Milk",FGHJKMNQUVXZ,10,CHRIS/CME_DK
DPA,ICE,"Endex Dutch Power Peak Load (8-20) Futures",FGHJKMNQUVXZ,2,CHRIS/ICE_DPA
DPB,ICE,"Endex Dutch Power Base Load",FGHJKMNQUVXZ,2,CHRIS/ICE_DPB
DW,ICE,"Durum Wheat",HKNVZ,11,CHRIS/ICE_DW
DW,ICE,"Durum Wheat",HKNVZ,11,CHRIS/ICE_DW
DX,ICE,"US Dollar Index",HMUZ,2,CHRIS/ICE_DX
DY,CME,"Dry Whey",FGHJKMNQUVXZ,2,CHRIS/CME_DY
E3,CME,"PJM BGE Zone Peak Calendar-Month Day-Ahead LMP",FGHJKMNQUVXZ,2,CHRIS/CME_E3
E4,CME,"PJM Western Hub Day-Ahead Off-Peak Calendar-Month 5 MW",FGHJKMNQUVXZ,51,CHRIS/CME_E4
E5,CME,"Argus LLS vs. WTI (Argus) Trade Month",FJKMNQUVXZ,2,CHRIS/CME_E5
E7,CME,"E-mini Euro FX",MU,2,CHRIS/CME_E7
E8,CME,"PJM DPL Zone Off-Peak Calendar-Month Day-Ahead LMP",HJK,3,CHRIS/CME_E8
EBM,LIFFE,"Milling Wheat",FHKUXZ,6,CHRIS/LIFFE_EBM
EC,CME,"Euro FX",HMUZ,2,CHRIS/CME_EC
ECO,LIFFE,"Rapeseed",GKQX,9,CHRIS/LIFFE_ECO
ED,SGX,"Eurodollar",FGHJKMNQUVXZ,4,CHRIS/SGX_ED
ED,CME,"3-month Eurodollar",HJKMNQUZ,37,CHRIS/CME_ED
EH,CME,"Ethanol",FGHJKMNQUVXZ,4,CHRIS/CME_EH
EJ,CME,"MISO Indiana Hub (formerly Cinergy Hub) Off-Peak LMP",FGHJKMNQUVXZ,2,CHRIS/CME_EJ
EL,SGX,"Euroyen LIBOR",HMUZ,2,CHRIS/SGX_EL
EM,CME,"1-month Eurodollar",FGHJKMNQUVXZ,3,CHRIS/CME_EM
EMA,LIFFE,"Corn",FHMQX,10,CHRIS/LIFFE_EMA
EN,CME,"European Naphtha (Platts) Crack Spread",FGHJKMNQUVXZ,10,CHRIS/CME_EN
EO3,LIFFE,"3-month EONIA Swap",FGHMUZ,2,CHRIS/LIFFE_EO3
EOB,LIFFE,"Malting Barley",FHKX,9,CHRIS/LIFFE_EOB
EON,LIFFE,"1-month EONIA",FGHJKMNQUVXZ,2,CHRIS/LIFFE_EON
EPE,LIFFE,"FTSE EPRA/NAREIT Euro Zone Index",HMUZ,2,CHRIS/LIFFE_EPE
EPL,LIFFE,"Skimmed Milk Powder",FHKNUX,2,CHRIS/LIFFE_EPL
EPR,LIFFE,"FTSE EPRA/NAREIT Europe Index",HMUZ,2,CHRIS/LIFFE_EPR
ERU,ICE,"ECX ERU Emission",HMUZ,2,CHRIS/ICE_ERU
ES,CME,"E-mini S&P 500 Index",HMUZ,4,CHRIS/CME_ES
EW,CME,"East-West Fuel Oil Spread (Platts)",FGHJKMNQUVXZ,2,CHRIS/CME_EW
EY,SGX,"Euroyen TIBOR",HMUZ,2,CHRIS/SGX_EY
EY,CME,"Euroyen Tibor",HMUZ,2,CHRIS/CME_EY
F2,CME,"PJM JCPL Zone Off-Peak Calendar-Month Day-Ahead LMP",FGHJKMNQUVXZ,39,CHRIS/CME_F2
F2CR,EUREX,"CER Mid December",Z,2,CHRIS/EUREX_F2CR
F2MX,EUREX,"MDAX",HMUZ,2,CHRIS/EUREX_F2MX
F5,CME,"PJM PPL Zone Off-Peak Calendar-Month Day-Ahead LMP",FGHJKMNQUVXZ,22,CHRIS/CME_F5
FB,SGX,"Fuel Oil 380cst",FGHJKMNQUVXZ,2,CHRIS/SGX_FB
FBTP,EUREX,"Long-Term Euro-BTP",HMUZ,2,CHRIS/EUREX_FBTP
FBTS,EUREX,"Short-Term Euro-BTP",HMUZ,2,CHRIS/EUREX_FBTS
FBUT,EUREX,"Butter",FGHJKMNQUVXZ,2,CHRIS/EUREX_FBUT
FC,CME,"Feeder Cattle",FHJKQUVX,7,CHRIS/CME_FC
FCAG,EUREX,"Dow Jones-UBS Agriculture",HMUZ,2,CHRIS/EUREX_FCAG
FCCO,EUREX,"Dow Jones-UBS Commodity Index",HMUZ,2,CHRIS/EUREX_FCCO
FCE,LIFFE,"CAC40 Index",FGHJKMNQUVXZ,3,CHRIS/LIFFE_FCE
FCEN,EUREX,"Dow Jones-UBS Energy Index",HMUZ,2,CHRIS/EUREX_FCEN
FCGR,EUREX,"Dow Jones-UBS Grains",HMUZ,2,CHRIS/EUREX_FCGR
FCIN,EUREX,"Dow Jones-UBS Industrial Metals",HMUZ,2,CHRIS/EUREX_FCIN
FCLI,EUREX,"Dow Jones-UBS Livestock",HMUZ,2,CHRIS/EUREX_FCLI
FCPE,EUREX,"Dow Jones-UBS Petroleum",HMUZ,2,CHRIS/EUREX_FCPE
FCPR,EUREX,"Dow Jones-UBS Precious Metals",HMUZ,2,CHRIS/EUREX_FCPR
FCSO,EUREX,"Dow Jones-UBS Softs",HMUZ,2,CHRIS/EUREX_FCSO
FCXE,EUREX,"Dow Jones-UBS EX Energy Index",HMUZ,2,CHRIS/EUREX_FCXE
FDAX,EUREX,"DAX",HMUZ,3,CHRIS/EUREX_FDAX
FDIV,EUREX,"TecDAX",HMUZ,3,CHRIS/EUREX_FDIV
FDM,CME,"MISO Indiana Hub Day-Ahead Off-Peak Calendar-Month 5 MW",FGHJKMNQUVXZ,10,CHRIS/CME_FDM
FEAA,EUREX,"EUAA",Z,2,CHRIS/EUREX_FEAA
FEDV,EUREX,"EURO STOXX Select Dividend 30 Index",HMUZ,2,CHRIS/EUREX_FEDV
FEF,LIFFE,"FTSEUROFIRST 80 Index",HMUZ,2,CHRIS/LIFFE_FEF
FEF,SGX,"Iron Ore",FGHJKMNQUVXZ,2,CHRIS/SGX_FEF
FEO,LIFFE,"FTSEUROFIRST 100 Index",HMUZ,2,CHRIS/LIFFE_FEO
FEO1,EUREX,"1-month EONIA",FGHJKMNQUVXZ,2,CHRIS/EUREX_FEO1
FEPP,EUREX,"Potatos",JMX,2,CHRIS/EUREX_FEPP
FERU,EUREX,"ERU",Z,2,CHRIS/EUREX_FERU
FESX,EUREX,"EURO STOXX 50 Index",HMUZ,3,CHRIS/EUREX_FESX
FEU3,EUREX,"3-month EURIBOR",HMUZ,2,CHRIS/EUREX_FEU3
FEXD,EUREX,"EURO STOXX 50 Index Dividend",Z,10,CHRIS/EUREX_FEXD
FEXF,EUREX,"EURO STOXX 50 ex Financials Index",HMUZ,2,CHRIS/EUREX_FEXF
FF,CME,"30 Day Fed Funds",FGHJKMNQUVXZ,24,CHRIS/CME_FF
FFOX,EUREX,"OMXH25 Index",HMUZ,2,CHRIS/EUREX_FFOX
FGBL,EUREX,"Euro-Bund",HMUZ,2,CHRIS/EUREX_FGBL
FGBM,EUREX,"Euro-Bobl",HMUZ,2,CHRIS/EUREX_FGBM
FGBS,EUREX,"Euro-Schatz",HMUZ,2,CHRIS/EUREX_FGBS
FGBX,EUREX,"Euro-Buxl",HMUZ,2,CHRIS/EUREX_FGBX
FH,CME,"WTS (Argus) vs. WTI Trade Month",FGHJKMNQUVXZ,2,CHRIS/CME_FH
FHOG,EUREX,"Hogs",FGHJKMNQUVXZ,2,CHRIS/EUREX_FHOG
FI,CME,"1% Fuel Oil Cargoes FOB NWE (Platts) Crack Spread",HJKMNQUVXZ,2,CHRIS/CME_FI
FMAS,EUREX,"MSCI AC Asia Pacific ex Japan Index Futures",HMUZ,2,CHRIS/EUREX_FMAS
FMCL,EUREX,"MSCI Chile Index",HMUZ,2,CHRIS/EUREX_FMCL
FMCN,EUREX,"MSCI China Free Index",HMUZ,2,CHRIS/EUREX_FMCN
FMCO,EUREX,"MSCI Columbia Index",HMUZ,2,CHRIS/EUREX_FMCO
FMCZ,EUREX,"MSCI Czech Republic Index",HMUZ,2,CHRIS/EUREX_FMCZ
FMEA,EUREX,"MSCI Emerging Markets Asia Index",HMUZ,2,CHRIS/EUREX_FMEA
FMEE,EUREX,"MSCI Emerging Markets EMEA Index",HMUZ,2,CHRIS/EUREX_FMEE
FMEL,EUREX,"MSCI Emerging Markets Latin America Index",HMUZ,2,CHRIS/EUREX_FMEL
FMEM,EUREX,"MSCI Emerging Markets Index",HMUZ,2,CHRIS/EUREX_FMEM
FMEU,EUREX,"MSCI Europe Index",HMUZ,2,CHRIS/EUREX_FMEU
FMEY,EUREX,"MSCI Egypt Index",HMUZ,2,CHRIS/EUREX_FMEY
FMFM,EUREX,"MSCI Frontier Markets Index",HMUZ,2,CHRIS/EUREX_FMFM
FMHU,EUREX,"MSCI Hungary Index",HMUZ,2,CHRIS/EUREX_FMHU
FMIN,EUREX,"MSCI India Index",HMUZ,2,CHRIS/EUREX_FMIN
FMJP,EUREX,"MSCI Japan Index",HMUZ,2,CHRIS/EUREX_FMJP
FMMA,EUREX,"MSCI Morocco Index",HMUZ,2,CHRIS/EUREX_FMMA
FMMX,EUREX,"MSCI Mexico Index",HMUZ,2,CHRIS/EUREX_FMMX
FMMY,EUREX,"MSCI Malaysia Index",HMUZ,2,CHRIS/EUREX_FMMY
FMPE,EUREX,"MSCI Peru Index",HMUZ,2,CHRIS/EUREX_FMPE
FMPH,EUREX,"MSCI Philippines Index",HMUZ,2,CHRIS/EUREX_FMPH
FMPL,EUREX,"MSCI Poland Index",HMUZ,2,CHRIS/EUREX_FMPL
FMRS,EUREX,"MSCI Russia Index",HMUZ,2,CHRIS/EUREX_FMRS
FMRU,EUREX,"MSCI Russia Price Index",HMUZ,2,CHRIS/EUREX_FMRU
FMTH,EUREX,"MSCI Thailand Index",HMUZ,2,CHRIS/EUREX_FMTH
FMWO,EUREX,"MSCI World Index",HMUZ,2,CHRIS/EUREX_FMWO
FMX,LIFFE,"AMX Index",FGHJKMNQUVXZ,2,CHRIS/LIFFE_FMX
FMZA,EUREX,"MSCI South Africa Index",HMUZ,2,CHRIS/EUREX_FMZA
FO,CME,"3.5% Fuel Oil Barges FOB Rdam (Platts) Crack Spread",FGHJKMNQUVXZ,16,CHRIS/CME_FO
FOAM,EUREX,"Mid-Term Euro-OAT",HMUZ,2,CHRIS/EUREX_FOAM
FOAT,EUREX,"Euro-OAT",HMUZ,2,CHRIS/EUREX_FOAT
FP,CME,"Florida Gas Zone 3 Natural Gas (Platts IFERC) Basis",FGHJKMNQUVXZ,2,CHRIS/CME_FP
FPIG,EUREX,"Piglets",FGHJKMNQUVXZ,2,CHRIS/EUREX_FPIG
FRDX,EUREX,"RDX USD Index",HMUZ,9,CHRIS/EUREX_FRDX
FS,CME,"1% Fuel Oil Cargoes FOB NWE (Platts) vs. 3.5% Fuel Oil Barges FOB Rdam (Platts)",FGHJKMNQUVXZ,2,CHRIS/CME_FS
FS,ODE,"Frozen Shrimp",FGHJKMNQUVXZ,2,CHRIS/ODE_FS
FSLI,EUREX,"SLI Swiss Leader Index",HMUZ,2,CHRIS/EUREX_FSLI
FSMI,EUREX,"SMI",HMUZ,2,CHRIS/EUREX_FSMI
FSMM,EUREX,"SMIM ",HMUZ,2,CHRIS/EUREX_FSMM
FSMP,EUREX,"Skimmed Milk Powder",FGHJKMNQUVXZ,10,CHRIS/EUREX_FSMP
FSTX,EUREX,"STOXX Europe 50 Index",HMUZ,2,CHRIS/EUREX_FSTX
FTDX,EUREX,"DivDAX",HMUZ,2,CHRIS/EUREX_FTDX
FTI,LIFFE,"AEX Index",FGHJKMNQUVXZ,4,CHRIS/LIFFE_FTI
FTM,CME,"MISO Indiana Hub Real-Time Off-Peak Calendar-Month 5 MW",FGHJKMNQUVXZ,10,CHRIS/CME_FTM
FU,SHFE,"Fuel Oil",FGHJKMNQUVXZ,2,CHRIS/SHFE_FU
FV,CME,"5 Year Treasury Note",HMUZ,2,CHRIS/CME_FV
FVS,EUREX,"VSTOXX",FGHJKMNQUVXZ,7,CHRIS/EUREX_FVS
FWHY,EUREX,"Whey Powder",FGHJKMNQUVXZ,2,CHRIS/EUREX_FWHY
FY,CME,"Dated Brent (Platts) to Frontline Brent",FGHJKMNQUVXZ,5,CHRIS/CME_FY
G,ICE,"Gasoil",FGHJKMNQUVXZ,13,CHRIS/ICE_G
G,LIFFE,"Short Gilt",HMUZ,2,CHRIS/LIFFE_G
GA,CME,"S&P-GSCI Excess Return Index",FGHJKMNQUVXZ,2,CHRIS/CME_GA
GA,CME,"S&P-GSCI Excess Return Index",FGHJKMNQUVXZ,2,CHRIS/CME_GA
GC,CME,"Gold",GHJKMQVZ,16,CHRIS/CME_GC
GC,MCX,"Gold",GJMQVZ,2,CHRIS/MCX_GC
GCI,CME,"Gulf Coast No.6 Fuel Oil 3.0% (Platts) Brent Crack Spread",FGHJKMNQUVXZ,2,CHRIS/CME_GCI
GCU,CME,"Gulf Coast No. 6 Fuel Oil 3.0% (Platts) vs. European 3.5% Fuel Oil Barges FOB Rdam (Platts)",FGHJKMNQUVXZ,10,CHRIS/CME_GCU
GD,MCX,"Gold Petal New Delhi",FGHJKMNQUVXZ,2,CHRIS/MCX_GD
GE,CME,"Gulf Coast Jet Fuel (Platts)",FGHJKMNQUVXZ,2,CHRIS/CME_GE
GER,ICE,"Endex German GASPOOL",FGHJKMNQUVXZ,2,CHRIS/ICE_GER
GG,MCX,"Gold Guinea",FGHJKMNQUVXZ,2,CHRIS/MCX_GG
GI,CME,"S and P Goldman Sachs Commodity Index",FGHJKMNQUVXZ,2,CHRIS/CME_GI
GL,CME,"Columbia Gulf Louisiana Natural Gas (Platts IFERC) Basis",FGHJKMNQUVXZ,12,CHRIS/CME_GL
GM,MCX,"Gold Mini",FGHJKMNQUVXZ,2,CHRIS/MCX_GM
GNM,ICE,"Endex German NCG",FGHJKMNQUVXZ,2,CHRIS/ICE_GNM
GOF,SGX,"Platts Gasoil FOB Singapore Index",FGHJKMNQUVXZ,2,CHRIS/SGX_GOF
GP,MCX,"Gold Petal",FGHJKMNQUVXZ,2,CHRIS/MCX_GP
GRM,MCX,"Guar Gum",FGZ,1,CHRIS/MCX_GRM
GRS,MCX,"Guar Seed",FHJZ,2,CHRIS/MCX_GRS
GV,CBOE,"Gold VIX",FGHJKMNQUVXZ,2,CHRIS/CBOE_GV
GW,ASX,"Greasy Wool",GJMQVZ,2,CHRIS/ASX_GW
GY,CME,"Gulf Coast ULSD (Platts) Crack Spread",FGHJKMNQUVXZ,22,CHRIS/CME_GY
GZ,CME,"European Gasoil Brent Crack Spread",HJKMNQUVXZ,10,CHRIS/CME_GZ
H,LIFFE,"Medium Gilt",HMUZ,2,CHRIS/LIFFE_H
H2,CME,"ISO New England Mass Hub Day-Ahead Off-Peak Calendar-Month 5 MW",FGHJKMNQUVXZ,46,CHRIS/CME_H2
H3,CME,"MISO Indiana Hub (formerly Cinergy Hub) 5 Month Peak Calendar-Month Real-Time",FGHJKMNQUVXZ,20,CHRIS/CME_H3
H4,CME,"MISO Indiana Hub (formerly Cinergy Hub) Real-Time Off-Peak Calendar-Month 5 MW",FGHJKMNQUVXZ,58,CHRIS/CME_H4
H5,CME,"MISO Indiana Hub (formerly Cinergy Hub) Day-Ahead Peak Calendar-Month 5 MW",FGHJKMNQUVXZ,18,CHRIS/CME_H5
HA,CME,"NY Harbor ULSD vs. Gasoil",HJKMNQUVXZ,10,CHRIS/CME_HA
HB,CME,"Henry Hub Natural Gas (Platts IFERC) Basis",FGHJKMNQUVXZ,2,CHRIS/CME_HB
HG,CME,"Copper",FGHJKMNQUVXZ,11,CHRIS/CME_HG
HH,CME,"Natural Gas (Henry Hub) Last-day Financial",FGHJKMNQUVXZ,44,CHRIS/CME_HH
HK,SGX,"MSCI Hong Kong+ Index",FGHJKMNQUVXZ,2,CHRIS/SGX_HK
HK,CME,"NY Harbor ULSD Crack Spread",FGHJKMNQUVXZ,13,CHRIS/CME_HK
HMO,CME,"MISO Michigan Hub 5 MW Off-Peak Calendar-Month Day-Ahead",FGHJKMNQUVXZ,58,CHRIS/CME_HMO
HMW,CME,"MISO Michigan Hub 5 MW Peak Calendar-Month Day-Ahead",FGHJKMNQUVXZ,2,CHRIS/CME_HMW
HO,CME,"Heating Oil",FGHJKMNQUVXZ,17,CHRIS/CME_HO
HOB,CME,"NY Harbor ULSD Brent Crack Spread",FGHJKMNQUVXZ,3,CHRIS/CME_HOB
HP,CME,"Natural Gas (Henry Hub) Penultimate Financial",FGHJKMNQUVXZ,33,CHRIS/CME_HP
HR,CME,"U.S. Midwest Domestic Hot-Rolled Coil Steel (CRU) Index",FGHJKMNQUVXZ,10,CHRIS/CME_HR
I,LIFFE,"3-month EURIBOR",FGHJKMNQUVXZ,2,CHRIS/LIFFE_I
I3,CME,"30 Year Interest Rate Swap",HMUZ,2,CHRIS/CME_I3
I5,CME,"ERCOT North 345 kV Hub 5 MW Peak",FGHJKMNQUVXZ,22,CHRIS/CME_I5
I6,CME,"ERCOT North 345 kV Hub 5 MW Off-Peak",FGHJKMNQUVXZ,34,CHRIS/CME_I6
IB,ASX,"30-day Australian Interbank Cash Rate",FGHJKMNQUVXZ,2,CHRIS/ASX_IB
IBO,ICE,"Soybean Oil",FHKNQUVZ,2,CHRIS/ICE_IBO
IBV,CME,"Ibovespa Index",GJMQVZ,2,CHRIS/CME_IBV
IC,MGEX,"National Corn Index",FGHJKMNQUVXZ,1,CHRIS/MGEX_IC
ICN,ICE,"Corn",HKNUZ,2,CHRIS/ICE_ICN
ID,SGX,"MSCI Indonesia Index",FGHJKMNQUVXZ,2,CHRIS/SGX_ID
IH,MGEX,"Hard Red Winter Wheat Index",FGHJKMNQUVXZ,1,CHRIS/MGEX_IH
IN,CME,"Henry Hub Natural Gas (Platts Gas Daily/Platts IFERC) Index",HJ,2,CHRIS/CME_IN
IN,SGX,"Nifty Index",FGHJKMNQUVXZ,2,CHRIS/SGX_IN
IP,MGEX,"Hard Red Spring Wheat Index",FGHJKMNQUVXZ,1,CHRIS/MGEX_IP
IR,ASX,"90-day Australian Bank Bills",HMUZ,2,CHRIS/ASX_IR
IR,SGX,"Indonesia SICOM OTC TSR20 Rubber",FHJKMNQUVXZ,2,CHRIS/SGX_IR
IS,ICE,"Soybean",FHKNQUX,2,CHRIS/ICE_IS
IS,MGEX,"National Soybean Index",FGHJKMNQUVXZ,1,CHRIS/MGEX_IS
ISM,ICE,"Soybean Meal",FHKNQUVZ,2,CHRIS/ICE_ISM
IW,MGEX,"Soft Red Winter Wheat Index",FGHJKMNQUVXZ,1,CHRIS/MGEX_IW
IW,ICE,"Wheat",HKNUZ,2,CHRIS/ICE_IW
J,LIFFE,"3-month TIBOR",HMUZ,2,CHRIS/LIFFE_J
J2,CME,"PJM JCPL Zone Peak Calendar-Month Day-Ahead LMP",FGHJKMNQUVXZ,2,CHRIS/CME_J2
J4,CME,"PJM Western Hub Day-Ahead Peak Calendar-Month 5 MW  ",FGHJKMNQUVXZ,33,CHRIS/CME_J4
J7,CME,"E-mini Japanese Yen",MU,2,CHRIS/CME_J7
JB,SGX,"10-year Mini Japanese Government Bond",HMUZ,2,CHRIS/SGX_JB
JBA,TFX,"3-month Euroyen",FGHJKMNQUVXZ,10,CHRIS/TFX_JBA
JG,SGX,"10-year Full-Sized Japanese Government Bond",HMUZ,2,CHRIS/SGX_JG
JGB,LIFFE,"Japanese Government Bond",HMUZ,2,CHRIS/LIFFE_JGB
JM,CME,"PJM Western Hub Real-Time Peak Calendar-Month 2.5 MW",FGHJKMNQUVXZ,12,CHRIS/CME_JM
JP,CME,"PJM Off-Peak Calendar-Month LMP",FGHJKMNQUVXZ,2,CHRIS/CME_JP
JR,CME,"Dow Jones Real Estate",HMUZ,2,CHRIS/CME_JR
JS,CME,"Los Angeles Jet (OPIS) vs. NY Harbor ULSD",HJKM,2,CHRIS/CME_JS
JY,CME,"Japanese Yen",HMUZ,2,CHRIS/CME_JY
K2,CME,"MISO Indiana Hub (formerly Cinergy Hub) Day-Ahead Off-Peak Calendar-Month 5 MW",FGHJKMNQUVXZ,58,CHRIS/CME_K2
K3,CME,"NYISO Zone A Day-Ahead Peak Calendar-Month 5 MW",FGHJKMNQUVXZ,22,CHRIS/CME_K3
K4,CME,"NYISO Zone A Day-Ahead Off-Peak Calendar-Month 5 MW",FGHJKMNQUVXZ,58,CHRIS/CME_K4
KA,CME,"NYISO Zone A Peak LBMP",FGHJKMNQUVXZ,4,CHRIS/CME_KA
KB,CME,"NYISO Zone A Off-Peak LBMP",FGHJKMNQUVXZ,2,CHRIS/CME_KB
KC,ICE,"Coffee C",HKNUZ,6,CHRIS/ICE_KC
KG,CME,"NYISO Zone G Peak LBMP",FGHJKMNQUVXZ,2,CHRIS/CME_KG
KH,CME,"NYISO Zone G Off-Peak LBMP",FGHJKMNQUVXZ,2,CHRIS/CME_KH
KI,CME,"ISO New England Monthly Off Peak LMP Swap Future",FGHJKMNQUVXZ,2,CHRIS/CME_KI
KJ,CME,"NYISO Zone J Peak LBMP",FGHJKMNQUVXZ,2,CHRIS/CME_KJ
KK,CME,"NYISO Zone J Off-Peak LBMP",FGHJKMNQUVXZ,2,CHRIS/CME_KK
KP,MCX,"Kapas",HJ,2,CHRIS/MCX_KP
KPK,MCX,"Kapaisa Khali",FGZ,1,CHRIS/MCX_KPK
KRF,SGX,"Platts Kerosene FOB Singapore Index",FGHJKMNQUVXZ,2,CHRIS/SGX_KRF
KRU,ICE,"Russian Ruble/US Dollar",HMUZ,2,CHRIS/ICE_KRU
KS,CME,"Singapore Jet Kerosene (Platts)",FGHJKMNQUVXZ,5,CHRIS/CME_KS
KW,CME,"KC HRW Wheat",HKNUZ,6,CHRIS/CME_KW
L,LIFFE,"Short Sterling",HMUVXZ,16,CHRIS/LIFFE_L
L1,CME,"PJM Western Hub Peak Calendar-Month Real-Time LMP",FGHJKMNQUVXZ,46,CHRIS/CME_L1
L3,CME,"PJM Northern Illinois Hub Day-Ahead Off-Peak Calendar-Month 5 MW",FGHJKMNQUVXZ,22,CHRIS/CME_L3
L4,CME,"Tennessee 800 Leg Natural Gas (Platts Gas Daily/Platts IFERC) Index",H,2,CHRIS/CME_L4
L5,CME,"PJM PPL Zone Peak Calendar-Month Day-Ahead LMP",FGHJKMNQUVXZ,2,CHRIS/CME_L5
L6,CME,"PJM PSEG Zone Peak Calendar-Month Day-Ahead LMP 5 MW",FGHJKMNQUVXZ,3,CHRIS/CME_L6
L9,CME,"ISO New England West Central Massachusetts Zone 5 MW Off-Peak Calendar-Month Day Ahead LMP",FGHJKMNQUVXZ,34,CHRIS/CME_L9
LB,CME,"Lumber",FHKNUX,2,CHRIS/CME_LB
LC,CME,"Live Cattle",GJMQVZ,7,CHRIS/CME_LC
LGB,MX,"30-year Canadian Bond",HMUZ,2,CHRIS/MX_LGB
LGB,MX,"30-year Canadian Bond",HMUZ,2,CHRIS/MX_LGB
LN,CME,"Lean Hogs",GJKMNQVZ,10,CHRIS/CME_LN
LT,CME,"Gulf Coast ULSD (Platts) Up-Down",FGHJKMNQUVXZ,22,CHRIS/CME_LT
LY,CME,"Gulf Coast ULSD (Platts)",FGHJKMNQUVXZ,10,CHRIS/CME_LY
M,ICE,"UK Natural Gas",FGHJKMNQUVXZ,13,CHRIS/ICE_M
M6B,CME,"E-micro British Pound/American Dollar",MU,2,CHRIS/CME_M6B
M6E,CME,"E-micro Euro/American Dollar",MU,2,CHRIS/CME_M6E
MBE,CME,"Mont Belvieu Spot Ethylene In-Well",FGHJKMNQUVXZ,2,CHRIS/CME_MBE
MBN,CME,"Mont Belvieu Ethylene (PCW) Financial",FGHJKMNQUVXZ,2,CHRIS/CME_MBN
MCC,CME,"Indonesian Coal (McCloskey sub-bituminous)",FGHJKMNQUVXZ,2,CHRIS/CME_MCC
MD,CME,"S&P 400 MidCap Index",HMUZ,2,CHRIS/CME_MD
ME,CME,"Gulf Coast Jet (Platts) Up-Down",FGHJKMNQUVXZ,10,CHRIS/CME_ME
MEL,CME,"MISO Indiana Hub (formerly Cinergy Hub) Real-Time Peak Calendar-Month 2.5 MW",FGHJKMNQUVXZ,2,CHRIS/CME_MEL
MEO,CME,"Mini Gasoline Euro-bob Oxy NWE Barges (Argus)",FHJKMNQUVXZ,4,CHRIS/CME_MEO
MF,CME,"Gulf Coast No. 6 Fuel Oil 3.0% (Platts)",FGHJKMNQUVXZ,10,CHRIS/CME_MF
MFA,LIFFE,"Mini AEX Index",FGHJKMNQUVXZ,2,CHRIS/LIFFE_MFA
MFC,LIFFE,"Mini CAC40 Index",FGHJKMNQUVXZ,2,CHRIS/LIFFE_MFC
MFF,CME,"Coal (API4) FOB Richards Bay (ARGUS-McCloskey)",FGHJKMNQUVXZ,22,CHRIS/CME_MFF
MG,CME,"Gulf Coast No. 6 Fuel Oil (Platts) Crack Spread",FGHJKMNQUVXZ,2,CHRIS/CME_MG
MGC,CME,"E-micro Gold",GJMQVZ,2,CHRIS/CME_MGC
MJN,CME,"Mini Japan C&F Naphtha (Platts)",FGHJKMNQUVXZ,2,CHRIS/CME_MJN
MM,CME,"New York Harbor Residual Fuel 1.0% (Platts)",HJKMNQUVXZ,4,CHRIS/CME_MM
MNB,CME,"Mont Belvieu Normal Butane LDH (OPIS)",FGHJKMNQUVXZ,2,CHRIS/CME_MNB
MNC,CME,"Mini European Naphtha CIF NWE (Platts)",HJKMNQU,2,CHRIS/CME_MNC
MO,MCX,"Mentha Oil",FGHZ,2,CHRIS/MCX_MO
MOD,CME,"PJM ATSI Zone 5 MW Off-Peak Calendar-Month Day-Ahead",HJK,3,CHRIS/CME_MOD
MP,ICE,"Sm GBP/USD",HMUZ,2,CHRIS/ICE_MP
MP,CME,"Mexican Peso",FGHJKMNQUVXZ,2,CHRIS/CME_MP
MPE,LIFFE,"MSCI Europe Index NTR",HMUZ,3,CHRIS/LIFFE_MPE
MPX,CME,"NY Harbor ULSD Financial",FGHJKMNQUVXZ,10,CHRIS/CME_MPX
MR,SGX,"Malaysia SICOM OTC TSR20 Rubber",FHJKMNQUVXZ,2,CHRIS/SGX_MR
MTF,CME,"Coal (API2) CIF ARA (ARGUS-McCloskey)",FGHJKMNQUVXZ,34,CHRIS/CME_MTF
MTS,CME,"Mini Singapore Fuel Oil 380 cst (Platts)",FGHJKMNQUVXZ,4,CHRIS/CME_MTS
MW,MGEX,"Hard Red Spring Wheat",HKNUZ,6,CHRIS/MGEX_MW
N,ICE,"NYH RBOB Gasoline",FGHJKMNQUVXZ,6,CHRIS/ICE_N
N1,CME,"ERCOT West 345 kV Hub 5 MW Peak",FGHJKMNQUVXZ,11,CHRIS/CME_N1
N1U,CME,"10 Year USD Deliverable Interest Rate Swap",MU,2,CHRIS/CME_N1U
N1Y,CME,"Nikkei/Yen",HJKMNUZ,2,CHRIS/CME_N1Y
N3,CME,"PJM Northern Illinois Hub Day-Ahead LMP Peak Calendar-Month 5 MW",FGHJKMNQUVXZ,11,CHRIS/CME_N3
N9,CME,"PJM Western Hub Real-Time Off-Peak Calendar-Month 5 MW",FGHJKMNQUVXZ,58,CHRIS/CME_N9
NCF,ICE,"Newcastle Coal",FGHJKMNQUVXZ,2,CHRIS/ICE_NCF
ND,SGX,"Nikkei Stock Average Dividend Point Index",Z,8,CHRIS/SGX_ND
ND,CME,"NASDAQ 100",HMUZ,2,CHRIS/CME_ND
NE,CME,"New Zealand Dollar",HMUZ,2,CHRIS/CME_NE
NEN,CME,"ANR Oklahoma Natural Gas (Platts IFERC) Basis",FGHJKMNQUVXZ,12,CHRIS/CME_NEN
NF,CME,"Nonfat Dry Milk",FGHJKMNQUVXZ,4,CHRIS/CME_NF
NFN,CME,"MichCon Natural Gas (Platts IFERC) Basis",FGHJKMNQUVXZ,2,CHRIS/CME_NFN
NG,CME,"Natural Gas",FGHJKMNQUVXZ,43,CHRIS/CME_NG
NG,MCX,"Natural Gas",FGHJKZ,2,CHRIS/MCX_NG
NH,CME,"Houston Ship Channel Natural Gas (Platts IFERC) Basis",FGHJKMNQUVXZ,9,CHRIS/CME_NH
NI,CME,"ISO New England Mass Hub Day-Ahead Peak Calendar-Month 2.5 MW",FGHJKMNQUVXZ,2,CHRIS/CME_NI
NI,MCX,"Nickel",FGHJKMNQUVXZ,2,CHRIS/MCX_NI
NIM,MCX,"Nickel Mini",FGHJKMNQUVXZ,2,CHRIS/MCX_NIM
NJ,CME,"San Juan Natural Gas (Platts IFERC) Basis",FGHJKMNQUVXZ,2,CHRIS/CME_NJ
NJ,ICE," Norwegian Krone/Swedish Krona",HMUZ,2,CHRIS/ICE_NJ
NJF,SGX,"Platts Naphtha CFR Japan Index",FGHJKMNQUVXZ,2,CHRIS/SGX_NJF
NK,CME,"Nikkei 225 Index",HMUZ,2,CHRIS/CME_NK
NK,SGX,"Nikkei 225 Index",FGHJKMNQUVXZ,10,CHRIS/SGX_NK
NK225,OSE,"Nikkei 225",HMUZ,2,CHRIS/OSE_NK225
NK225M,OSE,"Nikkei 225 Mini",FGHJKMNQUVXZ,2,CHRIS/OSE_NK225M
NK300,OSE,"Nikkei 300",HMUZ,2,CHRIS/OSE_NK300
NKN,CME,"Sumas Natural Gas (Platts IFERC) Basis",FGHJKMNQUVXZ,2,CHRIS/CME_NKN
NKVI,OSE,"Nikkei Stock Average Volatility Index",FGHJKMNQUVXZ,2,CHRIS/OSE_NKVI
NL,CME,"NGPL Mid-Con Natural Gas (Platts IFERC) Basis",FGHJKMNQUVXZ,5,CHRIS/CME_NL
NN,CME,"Henry Hub Swap",FGHJKMNQUVXZ,60,CHRIS/CME_NN
NP,CME,"Henry Hub Penultimate NP",FGHJKMNQUVXZ,57,CHRIS/CME_NP
NQ,CME,"E-mini NASDAQ 100 Index",HMUZ,2,CHRIS/CME_NQ
NR,CME,"Rockies Natural Gas (Platts IFERC) Basis",FGHJKMNQUVXZ,9,CHRIS/CME_NR
NS,CME,"SoCal Natural Gas (Platts IFERC) Basis",FGHJKMNQUVXZ,2,CHRIS/CME_NS
NT,ICE,"US Dollar/Norwegian Krone",HMUZ,2,CHRIS/ICE_NT
NU,SGX,"USD Nikkei 225 Index",HMUZ,2,CHRIS/SGX_NU
NW,CME,"Waha Natural Gas (Platts IFERC) Basis",FGHJKMNQUVXZ,2,CHRIS/CME_NW
NX,CME,"Texas Eastern Zone M-3 Natural Gas (Platts IFERC) Basis",FGHJKMNQUVXZ,7,CHRIS/CME_NX
NYF,CME,"NY Fuel Oil 1.0% (Platts) vs. European 1% Fuel Oil Cargoes FOB NWE (Platts)",HJKMNQU,2,CHRIS/CME_NYF
NZ,CME,"Transco Zone 6 Natural Gas (Platts IFERC) Basis",FGHJKMNQUVXZ,2,CHRIS/CME_NZ
O,CME,"Oats",HKNUZ,3,CHRIS/CME_O
O,ICE,"Heating Oil",FGHJKMNQUVXZ,5,CHRIS/ICE_O
O1,CME,"ERCOT West 345 kV Hub 5 MW Off-Peak",FGHJKMNQUVXZ,22,CHRIS/CME_O1
OFM,CME,"Ontario Off-Peak Calendar-Month",FGHJKMNQUVXZ,34,CHRIS/CME_OFM
OI,ASX,"3-month Overnight Index Swap",HMUZ,4,CHRIS/ASX_OI
OIS,MX,"Overnight Index Swap",FGHJKMNQUVXZ,2,CHRIS/MX_OIS
OJ,ICE,"Orange Juice",FHKNUX,7,CHRIS/ICE_OJ
ONX,MX,"30-day Canadian Overnight Repo Rate",HMUZ,2,CHRIS/MX_ONX
OPM,CME,"Ontario Peak Calendar-Month",FGHJKMNQUVXZ,22,CHRIS/CME_OPM
OR,ODE,"Osaka Rice",FGHJKMNQUVXZ,5,CHRIS/ODE_OR
OV,CBOE,"Crude Oil ETF VIX",FGHJKMNQUVXZ,2,CHRIS/CBOE_OV
P,ICE,"UK Peak Electricity",FGHJKMNQUVXZMUZ,2,CHRIS/ICE_P
P,ICE,"UK Peak Electricity",FGHJKMNQUVXZ,2,CHRIS/ICE_P
P5,CME,"ISO New England South East Massachusetts Zone 5 MW Off-Peak Calendar-Month Day-Ahead LMP",FGHJKMNQUVXZ,2,CHRIS/CME_P5
P7,CME,"ISO New England North East Massachusetts Zone 5 MW Peak Calendar-Month Day-Ahead LMP",FGHJKMNQUVXZ,2,CHRIS/CME_P7
P8,CME,"ISO New England North East Massachusetts Zone 5 MW Off-Peak Calendar-Month Day-Ahead LMP",FGHJKMNQUVXZ,22,CHRIS/CME_P8
PA,CME,"Palladium",HJKMUZ,2,CHRIS/CME_PA
PB,SHFE,"Lead",FGHJKMNQUVXZ,4,CHRIS/SHFE_PB
PB,MCX,"Lead",FGHJKMNQUVXZ,2,CHRIS/MCX_PB
PBM,MCX,"Lead Mini",FGHJKMNQUVXZ,2,CHRIS/MCX_PBM
PC,CME,"PG&E Citygate Natural Gas (Platts IFERC) Basis",JKMNQUVXZ,2,CHRIS/CME_PC
PD,CME,"NGPL TexOk Natural Gas (Platts IFERC) Basis",FGHJKMNQUVXZ,19,CHRIS/CME_PD
PDM,CME,"MISO Indiana Hub Day-Ahead Peak Calendar-Month 5 MW",FGHJKMNQUVXZ,2,CHRIS/CME_PDM
PF,CME,"Ventura Natural Gas (Platts IFERC) Basis",FGHJKMNQUVXZ,2,CHRIS/CME_PF
PG,CME,"Dominion South Point Natural Gas (Platts IFERC) Basis",FGHJKMNQUVXZ,11,CHRIS/CME_PG
PH,CME,"Panhandle Natural Gas (Platts IFERC) Basis",FGHJKMNQUVXZ,21,CHRIS/CME_PH
PL,CME,"Platinum",FHJKNV,3,CHRIS/CME_PL
POT,MCX,"Potato",HJKM,2,CHRIS/MCX_POT
PSI,LIFFE,"PSI 20 Index",HMUZ,2,CHRIS/LIFFE_PSI
PTM,CME,"MISO Indiana Hub Real-Time Peak Calendar-Month 5 MW",FGHJKMNQUVXZ,10,CHRIS/CME_PTM
PZ,CME,"Polish Zloty",HMUZ,2,CHRIS/CME_PZ
Q,LIFFE,"FTSE Eurotop 100 Index",HMUZ,2,CHRIS/LIFFE_Q
Q5,CME,"NYISO Zone C 5 MW Peak Calendar-Month Day-Ahead LBMP",FGHJKMNQUVXZ,2,CHRIS/CME_Q5
QG,CME,"E-mini Natural Gas",FGHJKMNQUVXZ,2,CHRIS/CME_QG
QL,CME,"Coal",FGHJKMNQUVXZ,2,CHRIS/CME_QL
QM,CME,"E-mini Crude Oil",FGHJKMNQUVXZ,4,CHRIS/CME_QM
QP,CME,"Powder River Basin Coal (Platts OTC Broker Index)",FGHJKMNQUVXZ,6,CHRIS/CME_QP
QX,CME,"Eastern Rail Delivery CSX Coal",FGHJKMNQUVXZ,9,CHRIS/CME_QX
R,LIFFE,"Long Gilt",HMUZ,2,CHRIS/LIFFE_R
R3,CME,"PJM BGE Zone Off-Peak Calendar-Month Day-Ahead LMP",FGHJKMNQUVXZ,27,CHRIS/CME_R3
R6,CME,"ISO New England West Central Massachusetts Zone 5 MW Peak Calendar-Month Day-Ahead LMP",FGHJKMNQUVXZ,2,CHRIS/CME_R6
R7,CME,"PJM AEP Dayton Hub Day-Ahead Off-Peak Calendar-Month 5 MW",FGHJKMNQUVXZ,22,CHRIS/CME_R7
RA,CME,"South African Rand",FGHJKMNQUVXZ,2,CHRIS/CME_RA
RB,SHFE,"Steel Rebar",FGHJKMNQUVXZ,11,CHRIS/SHFE_RB
RB,CME,"Gasoline",FGHJKMNQUVXZ,10,CHRIS/CME_RB
RBB,CME,"RBOB Gasoline Brent Crack Spread",FGHJKMNQUVXZ,10,CHRIS/CME_RBB
RC,LIFFE,"Coffee",FHKNUX,6,CHRIS/LIFFE_RC
RF,CME,"Euro/Swiss Franc",HMUZ,2,CHRIS/CME_RF
RF,ICE,"Russell 1000",HMUZ,2,CHRIS/ICE_RF
RG,ICE,"Russell Growth",HMUZ,2,CHRIS/ICE_RG
RGF,SGX,"Singapore Regrade Spread",FGHJKMNQUVXZ,2,CHRIS/SGX_RGF
RK,CME,"Singapore Jet Kerosene (Platts) vs. Gasoil (Platts)",FGHJKMNQUVXZ,10,CHRIS/CME_RK
RL,CME,"RBOB Gasoline Financial",FGHJKMNQUVXZ,8,CHRIS/CME_RL
RM,CME,"RBOB Gasoline Crack Spread",HJKMNQUVXZ,10,CHRIS/CME_RM
RP,CME,"Euro/British Pound",HMUZ,2,CHRIS/CME_RP
RR,CME,"Rough Rice",FHKNUX,3,CHRIS/CME_RR
RS,ICE,"Canola",FHKNX,5,CHRIS/ICE_RS
RS,ICE,"Canola",FHKNX,5,CHRIS/ICE_RS
RS,ODE,"Raw Sugar",FHKNUX,5,CHRIS/ODE_RS
RT,SGX,"SICOM RSS3 Rubber",FHJKMNQUVXZ,2,CHRIS/SGX_RT
RU,CME,"Russian Ruble",FGHJKMNQUVXZ,7,CHRIS/CME_RU
RU,SHFE,"Natural Rubber",FHJKMNQUVX,2,CHRIS/SHFE_RU
RV,ICE,"Russell Value",HMUZ,2,CHRIS/ICE_RV
RV,CME,"Gulf Coast Unl 87 Gasoline M1 (Platts) vs. RBOB Gasoline",HJKMNQUVXZ,7,CHRIS/CME_RV
RY,CME,"Euro/Japanese Yen",HMUZ,2,CHRIS/CME_RY
S,CME,"Soybeans",FHKNQUX,10,CHRIS/CME_S
S,LIFFE,"EUROSWISS Interest Rate",HMUZ,8,CHRIS/LIFFE_S
S4,CME,"PJM APS Zone Peak Calendar-Month Day-Ahead LMP",FGHJKMNQUVXZ,2,CHRIS/CME_S4
SA,CME,"5 Year Interest Rate Swap",HMUZ,2,CHRIS/CME_SA
SB,ODE,"US Soybeans",GJQVZ,5,CHRIS/ODE_SB
SB,ICE,"Sugar No. 11",HKNUV,6,CHRIS/ICE_SB
SCF,MX,"Mini S&P/TSX Composite Index",HMUZ,4,CHRIS/MX_SCF
SD,CME,"Singapore Fuel Oil 180 cst (Platts) vs. 380 cst (Platts)",FGHJKMNQUVXZ,2,CHRIS/CME_SD
SE,CME,"Singapore Fuel Oil 380 cst (Platts)",FGHJKMNQUVXZ,3,CHRIS/CME_SE
SF,ICE,"Sugar",FHKNUX,5,CHRIS/ICE_SF
SF,ICE,"Sugar No. 16",FHKNUX,5,CHRIS/ICE_SF
SF,CME,"Swiss Franc",HMUZ,2,CHRIS/CME_SF
SG,CME,"Singapore Gasoil (Platts)",HJKMNQUVXZ,6,CHRIS/CME_SG
SG,SGX,"MSCI Singapore Index",FGHJKMNQUVXZ,2,CHRIS/SGX_SG
SI,CME,"Silver",FHJKNUZ,12,CHRIS/CME_SI
SI,MCX,"Silver",HKNUZ,2,CHRIS/MCX_SI
SIM,MCX,"Silver Mini",FGHJKMNQUVXZ,2,CHRIS/MCX_SIM
SM,CME,"Soybean Meal",FHKNQUVZ,11,CHRIS/CME_SM
SP,CME,"Full-Size S&P 500 Index",HMUZ,3,CHRIS/CME_SP
SS,ICE,"GBP/CHF",HMUZ,2,CHRIS/ICE_SS
SSI,CME,"Coal (API 8) cfr South China (Argus/McCloskey)",FGHJKMNQUVXZ,2,CHRIS/CME_SSI
ST,SGX,"FTSE Straits Times Index",FGHJKMNQUVXZ,2,CHRIS/SGX_ST
STLRPR,MCX,"Steel",FZ,1,CHRIS/MCX_STLRPR
SXA,MX,"S&P/TSX Global Gold Index",HMUZ,2,CHRIS/MX_SXA
SXB,MX,"S&P/TSX Capped Financials Index ",HMUZ,2,CHRIS/MX_SXB
SXF,MX,"S&P/TSX 60 Index",HMUZ,4,CHRIS/MX_SXF
SXH,MX,"S&P/TSX Capped Information Technology Index",HMUZ,2,CHRIS/MX_SXH
SXM,MX,"Mini S&P/TSX 60 Index",HMUZ,4,CHRIS/MX_SXM
SXY,MX,"S&P/TSX Capped Energy Index ",HMUZ,2,CHRIS/MX_SXY
SY,ICE,"GBP/JPY",HMUZ,2,CHRIS/ICE_SY
SZ,CME,"Southern Natural Louisiana Natural Gas (Platts IFERC) Basis",FGHJKMNQUVXZ,2,CHRIS/CME_SZ
T,LIFFE,"Feed Wheat",FHKMX,7,CHRIS/LIFFE_T
T,ICE,"WTI Crude",FGHJKMNQUVXZ,7,CHRIS/ICE_T
T3,CME,"NYISO Zone G Day-Ahead Peak Calendar-Month 5 MW",FGHJKMNQUVXZ,34,CHRIS/CME_T3
TC,CME,"Columbia Gas TCO (Platts IFERC) Basis",FGHJKMNQUVXZ,2,CHRIS/CME_TC
TF,ICE,"Russell Small-Cap",HMUZ,2,CHRIS/ICE_TF
TF,SGX,"SICOM Rubber",FHJKMNQUVXZ,5,CHRIS/SGX_TF
TFM,ICE,"Endex Dutch TTF Gas Base Load",FGHJKMNQUVXZ,2,CHRIS/ICE_TFM
TIB,ICE,"WTI vs Brent Spread Option",FGHJKMNQUVXZ,4,CHRIS/ICE_TIB
TIO,CME,"Iron Ore 62% Fe CFR China (TSI)",FGHJKMNQUVXZ,4,CHRIS/CME_TIO
TN,ASX,"10-year New Zealand Government Stock",HMUZ,2,CHRIS/ASX_TN
TPI,LIFFE,"TOPIX Index",HMUZ,2,CHRIS/LIFFE_TPI
TR,CME,"Transco Zone 4 Natural Gas (Platts IFERC) Basis",FGHJKMNQUVXZ,2,CHRIS/CME_TR
TR,SGX,"Thailand SICOM OTC TSR20 Rubber",FHJKMNQUVXZ,2,CHRIS/SGX_TR
TR,ODE,"Tokyo Rice",FGHJKMNQUVXZ,5,CHRIS/ODE_TR
TRY,CME,"Turkish Lira",HMUZ,2,CHRIS/CME_TRY
TU,CME,"2 Year Treasury Note",HMUZ,2,CHRIS/CME_TU
TW,SGX,"MSCI Taiwan Index",FGHJKMNQUVXZ,2,CHRIS/SGX_TW
TY,ASX,"3-year New Zealand Government Stock",HMUZ,2,CHRIS/ASX_TY
TY,CME,"10 Year Treasury Note",HMUZ,2,CHRIS/CME_TY
TZ6,CME,"Transco Zone 6 Non-N.Y. Natural Gas (Platts IFERC) Basis",FGHJKMNQUVXZ,7,CHRIS/CME_TZ6
U3,CME,"ISO New England New Hampshire Zone 5 MW Off-Peak Calendar-Month Day-Ahead LMP",FGHJKMNQUVXZ,12,CHRIS/CME_U3
U4,CME,"ISO New England Rhode Island Zone 5 MW Peak Calendar-Month Day-Ahead LMP",FGHJKMNQUVXZ,8,CHRIS/CME_U4
U5,CME,"ISO New England Rhode Island Zone 5 MW Off-Peak Calendar-Month Day-Ahead LMP",FGHJKMNQUVXZ,22,CHRIS/CME_U5
U6,CME,"ISO New England Mass Hub 5 MW Peak Calendar-Month Day-Ahead LMP",FGHJKMNQUVXZ,10,CHRIS/CME_U6
UA,CME,"Singapore Fuel Oil 180 cst (Platts)",FGHJKMNQUVXZ,3,CHRIS/CME_UA
UB,ASX,"Feed Barley",FHKNUX,7,CHRIS/ASX_UB
UB,CME,"Dated Brent (Platts) Financial",FGHJKMNQUVXZ,5,CHRIS/CME_UB
UL,CME,"Ultra Treasury Bond",HMUZ,2,CHRIS/CME_UL
ULS,ICE,"Low Sulphur Gasoil",FGHJKMNQUVXZ,2,CHRIS/ICE_ULS
ULS,ICE,"Low Sulphur Gasoil",FGHJKMNQUVXZ,2,CHRIS/ICE_ULS
UM,CME,"PJM Northern Illinois Hub Real-Time Peak Calendar-Month 2.5 MW",FGHJKMNQUVXZ,2,CHRIS/CME_UM
UN,CME,"European Naphtha Cargoes CIF NWE (Platts)",FGHJKMNQUVXZ,2,CHRIS/CME_UN
UO,CME,"PJM Northern Illinois Hub Off-Peak LMP",FGHJKMNQUVXZ,2,CHRIS/CME_UO
US,CME,"30-Year Treasury Bond",HMUZ,2,CHRIS/CME_US
US,ASX,"Sorghum",FHKNUX,6,CHRIS/ASX_US
UV,CME,"European 3.5% Fuel Oil Barges FOB Rdam (Platts)",FGHJKMNQUVXZ,3,CHRIS/CME_UV
UX,CME,"UxC Uranium U3O8",FGHJKMNQUVXZ,3,CHRIS/CME_UX
V3,CME,"PJM AEP Dayton Hub Real-Time Off-Peak Calendar-Month 5 MW",FGHJKMNQUVXZ,58,CHRIS/CME_V3
VC,ASX,"EA Canola",FHKNUX,6,CHRIS/ASX_VC
VCF,SGX,"Singapore Visco Spread",FGHJKMNQUVXZ,2,CHRIS/SGX_VCF
VM,CME,"PJM AEP Dayton Hub Real-Time Peak Calendar-Month 2.5 MW",FGHJKMNQUVXZ,2,CHRIS/CME_VM
VN,CBOE,"NASDAQ 100 VIX",FGHJKMNQUVXZ,2,CHRIS/CBOE_VN
VP,CME,"PJM AEP Dayton Hub Off-Peak LMP",FGHJKMNQUVXZ,2,CHRIS/CME_VP
VR,CME,"NY 1% Fuel Oil (Platts) vs. Gulf Coast 3% Fuel Oil (Platts)",FGHJKMNQUVXZ,2,CHRIS/CME_VR
VW,ASX,"NSW Wheat",FHKNUX,6,CHRIS/ASX_VW
VX,CBOE,"S&P 500 VIX",FGHJKMNQUVXZ,9,CHRIS/CBOE_VX
VXEW,CBOE,"Brazil ETF Volatility Index",FGHJKMNQUVXZ,2,CHRIS/CBOE_VXEW
W,LIFFE,"White Sugar",HKQVZ,8,CHRIS/LIFFE_W
W,CME,"Wheat",HKNUZ,7,CHRIS/CME_W
W4,CME,"PJM APS Zone Off-Peak Calendar-Month Day-Ahead LMP",FGHJKMNQUVXZ,34,CHRIS/CME_W4
W6,CME,"PJM PSEG Zone Off-Peak Calendar-Month Day-Ahead LMP",FGHJKMNQUVXZ,15,CHRIS/CME_W6
WA,ICE,"Milling Wheat",HKNVZ,11,CHRIS/ICE_WA
WA,ICE,"Milling Wheat",HKNVZ,11,CHRIS/ICE_WA
WCC,CME,"Canadian Heavy Crude Oil Index (Net Energy)",FGHJKMNQUVXZ,9,CHRIS/CME_WCC
WJ,CME,"LLS (Argus) vs. WTI Financial",FGHJKMNQUVXZ,22,CHRIS/CME_WJ
WK,ASX,"WA Wheat",FHKNUX,6,CHRIS/ASX_WK
WQ,CME,"Gasoil 0.1 Barges FOB Rdam (Platts) vs. Gasoil",HJKMNQUVXZ,2,CHRIS/CME_WQ
WR,SHFE,"Steel Wire",FGHJKMNQUVXZ,2,CHRIS/SHFE_WR
WS,CME,"Crude Oil Financial",FGHJKMNQUVXZ,9,CHRIS/CME_WS
X1,CME,"PJM AECO Zone Off-Peak Calendar-Month Day-Ahead LMP",FGHJKMNQUVXZ,39,CHRIS/CME_X1
XAF,CME,"E-mini Financial Sector",HM,2,CHRIS/CME_XAF
XAK,CME,"E-mini Technology Sector",HM,2,CHRIS/CME_XAK
XAP,CME,"E-mini Consumer Staples Sector",HM,2,CHRIS/CME_XAP
XAU,CME,"E-mini Utilities Sector",HM,2,CHRIS/CME_XAU
XAY,CME,"E-mini Consumer Discretionary Sector",HM,2,CHRIS/CME_XAY
XFC,LIFFE,"CAC40 Dividend Index",Z,3,CHRIS/LIFFE_XFC
XN,CME,"SoCal Natural Gas (Platts IFERC) Fixed Price",FGHJKMNQUVXZ,2,CHRIS/CME_XN
XS,ASX,"10-year Australian Interest Rate Swap",HMUZ,2,CHRIS/ASX_XS
XZ,LIFFE,"FTSE 100 Dividend Index",Z,4,CHRIS/LIFFE_XZ
Y,LIFFE,"FTSE 250 Index",HMUZ,1,CHRIS/LIFFE_Y
Y,ICE,"UK Base Electricity",FGHJKMNQUVXZ,2,CHRIS/ICE_Y
Y,ICE,"UK Base Electricity",FGHJKMNQUVXZ,2,CHRIS/ICE_Y
Y1,CME,"PJM AECO Zone Peak Calendar-Month Day-Ahead LMP",FGHJKMNQUVXZ,12,CHRIS/CME_Y1
Y7,CME,"Tennessee 500 Leg Natural Gas (Platts Gas Daily/Platts IFERC) Index",HJKMNQUV,2,CHRIS/CME_Y7
YC,CME,"Mini-Corn",HKNUZ,3,CHRIS/CME_YC
YC,ODE,"Corn",GJMQVZ,5,CHRIS/ODE_YC
YH,CME,"NY Heating Oil (Platts) vs. NY Harbor ULSD",HJKMNQUV,2,CHRIS/CME_YH
YK,CME,"Mini Soybean",FHKNQUX,3,CHRIS/CME_YK
YM,CME,"E-mini Dow Jones",HMUZ,2,CHRIS/CME_YM
YS,ASX,"3-year Australian Interest Rate Swap",HMUZ,2,CHRIS/ASX_YS
YT,ASX,"3-year Australian Treasury Bonds",HMUZ,2,CHRIS/ASX_YT
YW,CME,"Mini Wheat",HKNUZ,2,CHRIS/CME_YW
YX,CME,"Mars (Argus) vs. WTI Financial",FGHJKMNQUVXZ,4,CHRIS/CME_YX
YZ,LIFFE,"FTSE 100 Declared Dividend Index",Z,2,CHRIS/LIFFE_YZ
Z,CME,"Euro/Polish Zloty",HMUZ,2,CHRIS/CME_Z
Z,LIFFE,"FTSE 100 Index",HMUZ,2,CHRIS/LIFFE_Z
Z1,CME,"Ethanol T2 FOB Rdam Including Duty (Platts)",HJKMNQUVXZ,2,CHRIS/CME_Z1
Z9,CME,"PJM AEP Dayton Hub 5MW Peak Calendar-Month Real-Time LMP",FGHJKMNQUVXZ,34,CHRIS/CME_Z9
ZJ,ICE,"New Zealand Dollar/Japanese Yen",HMUZ,2,CHRIS/ICE_ZJ
ZN,MCX,"Zinc",FGHJKMNQUVXZ,2,CHRIS/MCX_ZN
ZN,SHFE,"Zinc",FGHJKMNQUVXZ,6,CHRIS/SHFE_ZN
ZNM,MCX,"Zinc Mini",FGHJKMNQUVXZ,2,CHRIS/MCX_ZNM
ZR,ICE,"US Dollar/South African Rand",HMUZ,2,CHRIS/ICE_ZR
